{
    "metrics": {
        "data_sent": {
            "rate": 28514.27169541686,
            "count": 8565502
        },
        "errors": {
            "passes": 38,
            "fails": 68820,
            "thresholds": {
                "rate<0.01": false
            },
            "value": 0.0005518603502860961
        },
        "http_req_connecting": {
            "min": 0,
            "med": 0,
            "max": 62.0387,
            "p(90)": 0,
            "p(95)": 0,
            "avg": 0.09934427517499787
        },
        "http_reqs": {
            "count": 68858,
            "rate": 229.22599520763808,
            "thresholds": {
                "rate>=240": true
            }
        },
        "http_req_waiting": {
            "avg": 463.15761891719,
            "min": 160.1962,
            "med": 294.11405,
            "max": 10636.6693,
            "p(90)": 490.92611,
            "p(95)": 912.9733649999956
        },
        "http_req_receiving": {
            "avg": 12.51931590664856,
            "min": 0,
            "med": 12.9539,
            "max": 146.4674,
            "p(90)": 18.442570000000003,
            "p(95)": 19.876959999999997
        },
        "http_req_sending": {
            "med": 0,
            "max": 8.7447,
            "p(90)": 0.518,
            "p(95)": 0.5927149999999994,
            "avg": 0.09224553719248348,
            "min": 0
        },
        "iterations": {
            "count": 68858,
            "rate": 229.22599520763808
        },
        "vus_max": {
            "value": 200,
            "min": 111,
            "max": 200
        },
        "http_req_duration": {
            "p(95)": 925.9301249999987,
            "avg": 475.76918036102876,
            "min": 161.0256,
            "med": 306.9824,
            "max": 10651.0642,
            "p(90)": 502.88878000000005
        },
        "iteration_duration": {
            "avg": 476.76837182317695,
            "min": 161.5264,
            "med": 307.23609999999996,
            "max": 10651.5456,
            "p(90)": 506.19597,
            "p(95)": 942.6797199999993
        },
        "http_req_blocked": {
            "min": 0,
            "med": 0,
            "max": 769.2695,
            "p(90)": 0,
            "p(95)": 0,
            "avg": 0.819133753521741
        },
        "http_req_tls_handshaking": {
            "avg": 0.5199250980278258,
            "min": 0,
            "med": 0,
            "max": 673.7049,
            "p(90)": 0,
            "p(95)": 0
        },
        "checks": {
            "passes": 68820,
            "fails": 38,
            "value": 0.9994481396497139
        },
        "data_received": {
            "count": 327127333,
            "rate": 1088996.0275718933
        },
        "http_req_failed": {
            "passes": 38,
            "fails": 68820,
            "value": 0.0005518603502860961
        },
        "dropped_iterations": {
            "count": 6142,
            "rate": 20.44651402255821
        },
        "http_req_duration{expected_response:true}": {
            "med": 306.99649999999997,
            "max": 10651.0642,
            "p(90)": 502.5756899999999,
            "p(95)": 923.0086399999975,
            "avg": 473.8750382403327,
            "min": 229.1338
        },
        "vus": {
            "value": 78,
            "min": 69,
            "max": 200
        },
        "http_req_duration{type:api}": {
            "med": 0,
            "max": 0,
            "p(90)": 0,
            "p(95)": 0,
            "avg": 0,
            "min": 0,
            "thresholds": {
                "p(90)<2000": false
            }
        }
    },
    "root_group": {
        "name": "",
        "path": "",
        "id": "d41d8cd98f00b204e9800998ecf8427e",
        "groups": {},
        "checks": {
                "status is 200": {
                    "fails": 38,
                    "name": "status is 200",
                    "path": "::status is 200",
                    "id": "6210a8cd14cd70477eba5c5e4cb3fb5f",
                    "passes": 68820
                }
            }
    }
}