{
    "root_group": {
        "name": "",
        "path": "",
        "id": "d41d8cd98f00b204e9800998ecf8427e",
        "groups": {},
        "checks": {
                "status is 200": {
                    "fails": 0,
                    "name": "status is 200",
                    "path": "::status is 200",
                    "id": "6210a8cd14cd70477eba5c5e4cb3fb5f",
                    "passes": 2404
                }
            }
    },
    "metrics": {
        "data_received": {
            "rate": 1092387.5297478703,
            "count": 11895483
        },
        "http_req_blocked": {
            "med": 0,
            "max": 790.8285,
            "p(90)": 0,
            "p(95)": 0,
            "avg": 10.782291555740429,
            "min": 0
        },
        "http_req_failed": {
            "passes": 0,
            "fails": 2404,
            "value": 0
        },
        "http_reqs": {
            "count": 2404,
            "rate": 220.7644381916968,
            "thresholds": {
                "rate>=240": true
            }
        },
        "http_req_sending": {
            "avg": 0.08842450083194675,
            "min": 0,
            "med": 0,
            "max": 4.9968,
            "p(90)": 0.51497,
            "p(95)": 0.57617
        },
        "iteration_duration": {
            "max": 2261.7054,
            "p(90)": 509.41086000000007,
            "p(95)": 605.8648949999999,
            "avg": 365.90143311148097,
            "min": 234.0232,
            "med": 318.76700000000005
        },
        "dropped_iterations": {
            "count": 96,
            "rate": 8.815884387022834
        },
        "http_req_connecting": {
            "max": 56.4558,
            "p(90)": 0,
            "p(95)": 0,
            "avg": 1.6154598585690514,
            "min": 0,
            "med": 0
        },
        "errors": {
            "passes": 0,
            "fails": 2404,
            "thresholds": {
                "rate<0.01": false
            },
            "value": 0
        },
        "http_req_duration{type:api}": {
            "avg": 0,
            "min": 0,
            "med": 0,
            "max": 0,
            "p(90)": 0,
            "p(95)": 0,
            "thresholds": {
                "p(90)<2000": false
            }
        },
        "http_req_tls_handshaking": {
            "min": 0,
            "med": 0,
            "max": 599.8387,
            "p(90)": 0,
            "p(95)": 0,
            "avg": 7.897901539101498
        },
        "vus_max": {
            "max": 106,
            "value": 106,
            "min": 93
        },
        "http_req_waiting": {
            "avg": 342.463747129784,
            "min": 224.6431,
            "med": 301.7786,
            "max": 2240.2778,
            "p(90)": 472.07097000000033,
            "p(95)": 549.940645
        },
        "checks": {
            "passes": 2404,
            "fails": 0,
            "value": 1
        },
        "http_req_duration": {
            "avg": 354.9673257071547,
            "min": 234.0232,
            "med": 313.8909,
            "max": 2261.7054,
            "p(90)": 482.0227800000001,
            "p(95)": 562.4136649999999
        },
        "http_req_duration{expected_response:true}": {
            "med": 313.8909,
            "max": 2261.7054,
            "p(90)": 482.0227800000001,
            "p(95)": 562.4136649999999,
            "avg": 354.9673257071547,
            "min": 234.0232
        },
        "vus": {
            "value": 87,
            "min": 81,
            "max": 100
        },
        "iterations": {
            "rate": 220.7644381916968,
            "count": 2404
        },
        "data_sent": {
            "count": 348822,
            "rate": 32033.066913021656
        },
        "http_req_receiving": {
            "max": 110.9286,
            "p(90)": 18.19226,
            "p(95)": 20.021655,
            "avg": 12.41515407653909,
            "min": 0,
            "med": 13.0254
        }
    }
}