{
    "metrics": {
        "vus": {
            "min": 2,
            "max": 84,
            "value": 3
        },
        "dropped_iterations": {
            "count": 52,
            "rate": 0.3461825585147652
        },
        "http_req_receiving": {
            "med": 13.032,
            "max": 120.0811,
            "p(90)": 19.16594,
            "p(95)": 20.905939999999994,
            "avg": 12.785039481739894,
            "min": 0
        },
        "vus_max": {
            "value": 95,
            "min": 50,
            "max": 95
        },
        "checks": {
            "fails": 0,
            "passes": 14047,
            "value": 1
        },
        "data_sent": {
            "rate": 11816.681997982625,
            "count": 1774981
        },
        "http_req_blocked": {
            "p(95)": 0,
            "avg": 1.3379751477183743,
            "min": 0,
            "med": 0,
            "max": 605.8509,
            "p(90)": 0
        },
        "http_req_sending": {
            "avg": 0.12611252224674305,
            "min": 0,
            "med": 0,
            "max": 15.8901,
            "p(90)": 0.58188,
            "p(95)": 0.6726
        },
        "iteration_duration": {
            "avg": 317.19753564462246,
            "min": 226.556,
            "med": 288.4473,
            "max": 3061.4471,
            "p(90)": 414.29914,
            "p(95)": 475.18899
        },
        "http_req_duration": {
            "med": 287.7889,
            "max": 3061.4471,
            "p(90)": 408.86688,
            "p(95)": 470.05291,
            "avg": 315.59684081298616,
            "min": 226.556
        },
        "http_req_duration{expected_response:true}": {
            "avg": 315.59684081298616,
            "min": 226.556,
            "med": 287.7889,
            "max": 3061.4471,
            "p(90)": 408.86688,
            "p(95)": 470.05291
        },
        "http_req_tls_handshaking": {
            "p(90)": 0,
            "p(95)": 0,
            "avg": 1.1105713106001285,
            "min": 0,
            "med": 0,
            "max": 572.2391
        },
        "http_req_duration{type:api}": {
            "avg": 0,
            "min": 0,
            "med": 0,
            "max": 0,
            "p(90)": 0,
            "p(95)": 0,
            "thresholds": {
                "p(90)<2000": false
            }
        },
        "data_received": {
            "count": 67020348,
            "rate": 446178.37583057553
        },
        "iterations": {
            "count": 14047,
            "rate": 93.51589229724821
        },
        "http_reqs": {
            "count": 14047,
            "rate": 93.51589229724821,
            "thresholds": {
                "rate>=240": true
            }
        },
        "http_req_connecting": {
            "avg": 0.2128552573503239,
            "min": 0,
            "med": 0,
            "max": 46.7888,
            "p(90)": 0,
            "p(95)": 0
        },
        "http_req_waiting": {
            "max": 3041.737,
            "p(90)": 396.34634,
            "p(95)": 458.2786599999999,
            "avg": 302.68568880899767,
            "min": 216.4751,
            "med": 274.8541
        },
        "http_req_failed": {
            "passes": 0,
            "fails": 14047,
            "value": 0
        },
        "errors": {
            "passes": 0,
            "fails": 14047,
            "thresholds": {
                "rate<0.02": false
            },
            "value": 0
        }
    },
    "root_group": {
        "name": "",
        "path": "",
        "id": "d41d8cd98f00b204e9800998ecf8427e",
        "groups": {},
        "checks": {
                "status is 200": {
                    "passes": 14047,
                    "fails": 0,
                    "name": "status is 200",
                    "path": "::status is 200",
                    "id": "6210a8cd14cd70477eba5c5e4cb3fb5f"
                }
            }
    }
}