{
    "root_group": {
        "checks": {
            "status is 200": {
                "name": "status is 200",
                "path": "::status is 200",
                "id": "6210a8cd14cd70477eba5c5e4cb3fb5f",
                "passes": 13647,
                "fails": 43
            }
        },
        "name": "",
        "path": "",
        "id": "d41d8cd98f00b204e9800998ecf8427e",
        "groups": {}
    },
    "metrics": {
        "http_req_duration{expected_response:true}": {
            "med": 383.9043,
            "max": 10797.8745,
            "p(90)": 3261.5253399999992,
            "p(95)": 5035.747659999994,
            "avg": 1203.8408690774554,
            "min": 234.3358
        },
        "vus": {
            "value": 3,
            "min": 2,
            "max": 407
        },
        "checks": {
            "passes": 13647,
            "fails": 43,
            "value": 0.9968590211833455
        },
        "iterations": {
            "rate": 90.69347916230001,
            "count": 13690
        },
        "http_req_duration": {
            "p(95)": 5102.577555,
            "avg": 1214.672733674217,
            "min": 162.71,
            "med": 383.84805,
            "max": 10797.8745,
            "p(90)": 3289.906560000001
        },
        "data_sent": {
            "count": 1884050,
            "rate": 12481.449920798492
        },
        "http_req_receiving": {
            "avg": 12.67653370343318,
            "min": 0,
            "med": 12.84685,
            "max": 145.1972,
            "p(90)": 18.212920000000004,
            "p(95)": 19.765684999999998
        },
        "http_req_blocked": {
            "p(90)": 0,
            "p(95)": 0,
            "avg": 5.487507764791819,
            "min": 0,
            "med": 0,
            "max": 629.8125
        },
        "http_req_waiting": {
            "med": 371.05875000000003,
            "max": 10786.0397,
            "p(90)": 3282.1317200000003,
            "p(95)": 5086.14621,
            "avg": 1201.889543250552,
            "min": 161.3592
        },
        "vus_max": {
            "value": 412,
            "min": 50,
            "max": 412
        },
        "dropped_iterations": {
            "count": 409,
            "rate": 2.7095422189467278
        },
        "http_reqs": {
            "count": 13690,
            "rate": 90.69347916230001,
            "thresholds": {
                "rate>=240": true
            }
        },
        "data_received": {
            "count": 66603789,
            "rate": 441236.62160713854
        },
        "iteration_duration": {
            "p(90)": 3295.613170000003,
            "p(95)": 5103.928704999998,
            "avg": 1220.3644737326524,
            "min": 162.7174,
            "med": 390.9176,
            "max": 10798.8681
        },
        "http_req_duration{type:api}": {
            "med": 0,
            "max": 0,
            "p(90)": 0,
            "p(95)": 0,
            "avg": 0,
            "min": 0,
            "thresholds": {
                "p(90)<2000": false
            }
        },
        "http_req_failed": {
            "passes": 43,
            "fails": 13647,
            "value": 0.0031409788166544923
        },
        "errors": {
            "passes": 43,
            "fails": 13647,
            "thresholds": {
                "rate<0.02": false
            },
            "value": 0.0031409788166544923
        },
        "http_req_sending": {
            "p(90)": 0.53841,
            "p(95)": 0.6149199999999997,
            "avg": 0.10665672023374716,
            "min": 0,
            "med": 0,
            "max": 4.6895
        },
        "http_req_tls_handshaking": {
            "avg": 4.56765804236669,
            "min": 0,
            "med": 0,
            "max": 604.0052,
            "p(90)": 0,
            "p(95)": 0
        },
        "http_req_connecting": {
            "med": 0,
            "max": 43.7522,
            "p(90)": 0,
            "p(95)": 0,
            "avg": 0.91504127100073,
            "min": 0
        }
    }
}